{
  "common": {
    "appName": "تذاكر الحافلات",
    "cancel": "إلغاء",
    "save": "حفظ",
    "back": "رجوع",
    "edit": "تعديل",
    "delete": "حذف",
    "confirm": "تأكيد",
    "loading": "جاري التحميل...",
    "error": "خطأ",
    "success": "نجاح",
    "retry": "إعادة المحاولة",
    "search": "بحث",
    "filter": "تصفية",
    "sort": "ترتيب",
    "apply": "تطبيق",
    "clear": "مسح",
    "yes": "نعم",
    "no": "لا"
  },
  "validation": {
    "required": "هذا الحقل مطلوب",
    "invalidEmail": "يرجى إدخال بريد إلكتروني صالح",
    "invalidPhone": "يرجى إدخال رقم هاتف صالح",
    "passwordLength": "يجب أن تكون كلمة المرور 8 أحرف على الأقل",
    "passwordMatch": "كلمات المرور غير متطابقة"
  },
  "profile": {
    "editProfile": "تعديل الملف الشخصي",
    "personalInfo": "المعلومات الشخصية",
    "accountInfo": "معلومات الحساب",
    "settings": "الإعدادات",
    "firstName": "الاسم الأول",
    "lastName": "اسم العائلة",
    "email": "البريد الإلكتروني",
    "phone": "الهاتف",
    "dateOfBirth": "تاريخ الميلاد",
    "address": "العنوان",
    "street": "الشارع",
    "city": "المدينة",
    "state": "الولاية/المقاطعة",
    "postalCode": "الرمز البريدي",
    "country": "البلد",
    "memberSince": "عضو منذ",
    "lastLogin": "آخر تسجيل دخول",
    "language": "اللغة",
    "preferences": "التفضيلات",
    "preferencesDescription": "إدارة تفضيلات التطبيق وإعدادات الإشعارات",
    "paymentMethods": "طرق الدفع",
    "paymentMethodsDescription": "إدارة طرق الدفع المحفوظة",
    "security": "الأمان",
    "securityDescription": "تغيير كلمة المرور وإعدادات الأمان",
    "helpSupport": "المساعدة والدعم",
    "helpSupportDescription": "الحصول على المساعدة والتواصل مع الدعم",
    "logout": "تسجيل الخروج",
    "version": "الإصدار"
  },
  "preferences": {
    "notifications": "الإشعارات",
    "notificationsDescription": "التحكم في الإشعارات التي تتلقاها",
    "emailNotifications": "إشعارات البريد الإلكتروني",
    "emailNotificationsDescription": "تلقي التحديثات والتنبيهات عبر البريد الإلكتروني",
    "pushNotifications": "إشعارات الدفع",
    "pushNotificationsDescription": "تلقي التحديثات والتنبيهات على جهازك",
    "smsNotifications": "إشعارات الرسائل القصيرة",
    "smsNotificationsDescription": "تلقي التحديثات والتنبيهات عبر الرسائل القصيرة",
    "travelPreferences": "تفضيلات السفر",
    "travelPreferencesDescription": "تعيين خيارات السفر المفضلة لديك",
    "seatPreference": "تفضيل المقعد",
    "window": "نافذة",
    "aisle": "ممر",
    "any": "أي",
    "specialRequirements": "متطلبات خاصة",
    "wheelchairAccess": "وصول الكرسي المتحرك",
    "assistanceNeeded": "مساعدة مطلوبة"
  },
  "payment": {
    "savedMethods": "طرق الدفع المحفوظة",
    "savedMethodsDescription": "إدارة طرق الدفع المحفوظة للدفع السريع",
    "noSavedMethods": "لا توجد طرق دفع محفوظة",
    "addPaymentMethod": "إضافة طريقة دفع",
    "credit": "بطاقة ائتمان",
    "debit": "بطاقة خصم",
    "paypal": "باي بال",
    "other": "أخرى",
    "default": "افتراضي",
    "expires": "تنتهي",
    "setDefault": "تعيين كافتراضي",
    "remove": "إزالة",
    "securityInfo": "معلومات الأمان",
    "securityDescription": "يتم تخزين معلومات الدفع الخاصة بك بشكل آمن ومحمي",
    "securityPoint1": "جميع معلومات الدفع مشفرة ومخزنة بشكل آمن",
    "securityPoint2": "نحن لا نخزن تفاصيل بطاقتك الكاملة أبدًا",
    "securityPoint3": "بياناتك محمية ببروتوكولات أمان قياسية في الصناعة"
  },
  "security": {
    "changePassword": "تغيير كلمة المرور",
    "changePasswordDescription": "لأمانك، اختر كلمة مرور قوية لا تستخدمها في مكان آخر",
    "currentPassword": "كلمة المرور الحالية",
    "newPassword": "كلمة المرور الجديدة",
    "confirmPassword": "تأكيد كلمة المرور",
    "passwordChanged": "تم تغيير كلمة المرور بنجاح",
    "accountSecurity": "أمان الحساب",
    "twoFactorAuth": "المصادقة الثنائية",
    "twoFactorAuthDescription": "إضافة طبقة إضافية من الأمان لحسابك",
    "deviceManagement": "إدارة الأجهزة",
    "deviceManagementDescription": "إدارة الأجهزة المسجلة في حسابك",
    "deleteAccount": "حذف الحساب",
    "deleteAccountDescription": "حذف حسابك وجميع البيانات المرتبطة به نهائيًا",
    "enable": "تفعيل",
    "manageDevices": "إدارة الأجهزة"
  },
  "help": {
    "contactUs": "اتصل بنا",
    "contactDescription": "تواصل مع فريق دعم العملاء",
    "chat": "الدردشة المباشرة",
    "chatDescription": "الدردشة مع فريق الدعم في الوقت الفعلي",
    "email": "البريد الإلكتروني",
    "phone": "الهاتف",
    "helpResources": "موارد المساعدة",
    "faq": "الأسئلة الشائعة",
    "faqDescription": "العثور على إجابات للأسئلة الشائعة",
    "userGuide": "دليل المستخدم",
    "userGuideDescription": "تعلم كيفية استخدام التطبيق",
    "videoTutorials": "فيديوهات تعليمية",
    "videoTutorialsDescription": "شاهد دروسًا تفصيلية خطوة بخطوة",
    "feedback": "التعليقات",
    "feedbackDescription": "ساعدنا على التحسين من خلال مشاركة تعليقاتك",
    "rateApp": "تقييم التطبيق",
    "sendSuggestion": "إرسال اقتراح"
  },
  "trips": {
    "myTrips": "رحلاتي",
    "searchTrips": "البحث عن رحلات...",
    "allTrips": "جميع الرحلات",
    "upcoming": "القادمة",
    "completed": "المكتملة",
    "canceled": "الملغاة",
    "loading": "جاري تحميل الرحلات...",
    "noTripsFound": "لم يتم العثور على رحلات",
    "noTripsDescription": "لم نتمكن من العثور على أي رحلات تطابق معاييرك",
    "booking": "الحجز",
    "seat": "المقعد",
    "viewDetails": "عرض التفاصيل",
    "status": {
      "upcoming": "قادمة",
      "completed": "مكتملة",
      "canceled": "ملغاة"
    },
    "loadingDetails": "جاري تحميل تفاصيل الرحلة...",
    "busDetails": "تفاصيل الحافلة",
    "operator": "المشغل",
    "busNumber": "رقم الحافلة",
    "busType": "نوع الحافلة",
    "amenities": "وسائل الراحة",
    "seatInfo": "معلومات المقعد",
    "seatNumber": "رقم المقعد",
    "seatTypes": {
      "window": "نافذة",
      "aisle": "ممر",
      "any": "أي"
    },
    "deck": "الطابق",
    "seatMap": "خريطة المقاعد",
    "passengerDetails": "تفاصيل المسافر",
    "primaryPassenger": "المسافر الرئيسي",
    "email": "البريد الإلكتروني",
    "phone": "الهاتف",
    "paymentInfo": "معلومات الدفع",
    "amount": "المبلغ",
    "paymentMethod": "طريقة الدفع",
    "cardNumber": "رقم البطاقة",
    "transactionId": "رقم المعاملة",
    "paymentStatus": "حالة الدفع",
    "paymentDate": "تاريخ الدفع",
    "paymentStatus": {
      "completed": "مكتمل",
      "refunded": "مسترد",
      "pending": "قيد الانتظار",
      "failed": "فشل"
    },
    "trackBus": "تتبع الحافلة",
    "downloadTicket": "تنزيل التذكرة",
    "shareTrip": "مشاركة الرحلة",
    "cancelTrip": "إلغاء الرحلة",
    "rateTrip": "تقييم الرحلة",
    "rebookTrip": "إعادة حجز الرحلة",
    "totalDuration": "المدة الإجمالية",
    "from": "من",
    "to": "إلى",
    "departureDate": "تاريخ المغادرة",
    "departureTime": "وقت المغادرة",
    "arrivalTime": "وقت الوصول"
  },
  "tickets": {
    "busTicket": "تذكرة الحافلة",
    "loadingTicket": "جاري تحميل التذكرة...",
    "scanToBoard": "امسح للصعود",
    "passenger": "المسافر",
    "bookingId": "رقم الحجز",
    "from": "من",
    "to": "إلى",
    "departureDate": "تاريخ المغادرة",
    "departureTime": "وقت المغادرة",
    "arrivalTime": "وقت الوصول",
    "busOperator": "مشغل الحافلة",
    "busNumber": "رقم الحافلة",
    "seatNumber": "رقم المقعد",
    "seatTypes": {
      "window": "نافذة",
      "aisle": "ممر",
      "any": "أي"
    },
    "deck": "الطابق",
    "issued": "صدرت في",
    "status": {
      "valid": "صالحة",
      "used": "مستخدمة",
      "expired": "منتهية الصلاحية",
      "canceled": "ملغاة"
    },
    "downloadPdf": "تنزيل PDF",
    "shareTicket": "مشاركة التذكرة",
    "importantInfo": "معلومات مهمة",
    "arriveEarly": "يرجى الوصول قبل 30 دقيقة على الأقل من المغادرة",
    "keepTicket": "احتفظ بتذكرتك في متناول اليد للصعود والتحقق",
    "idRequired": "قد تكون هناك حاجة إلى بطاقة هوية صالحة للتحقق"
  },
  "rating": {
    "rateYourTrip": "قيّم رحلتك",
    "shareExperience": "شارك تجربتك لمساعدتنا على تحسين خدمتنا",
    "tapToRate": "انقر للتقييم",
    "writeReview": "اكتب تقييمًا (اختياري)",
    "reviewPlaceholder": "أخبرنا عن تجربتك...",
    "submitRating": "إرسال التقييم",
    "skipRating": "تخطي",
    "thankYou": "شكرًا لك!",
    "feedbackSubmitted": "تم إرسال تعليقاتك بنجاح",
    "ratingTips": "نصائح التقييم",
    "tip1": "قيّم بناءً على تجربتك العامة مع الرحلة",
    "tip2": "قم بتضمين تفاصيل محددة حول ما أعجبك أو لم يعجبك",
    "tip3": "تساعدنا ملاحظاتك على تحسين خدمتنا للجميع",
    "ratings": {
      "1": "سيء",
      "2": "مقبول",
      "3": "جيد",
      "4": "جيد جدًا",
      "5": "ممتاز"
    }
  },
  "statistics": {
    "travelStatistics": "إحصائيات السفر",
    "loading": "جاري تحميل الإحصائيات...",
    "month": "شهر",
    "year": "سنة",
    "allTime": "كل الوقت",
    "summary": "ملخص",
    "totalTrips": "إجمالي الرحلات",
    "totalDistance": "إجمالي المسافة",
    "totalSpent": "إجمالي الإنفاق",
    "avgRating": "متوسط التقييم",
    "monthlyTrips": "الرحلات الشهرية",
    "mostFrequentRoute": "المسار الأكثر تكرارًا",
    "traveled": "سافرت",
    "times": "مرات",
    "tripsByOperator": "الرحلات حسب المشغل",
    "tripsByStatus": "الرحلات حسب الحالة",
    "completed": "مكتملة",
    "upcoming": "قادمة",
    "canceled": "ملغاة"
  }
}
